,count,mean,std,min,25%,50%,75%,max,median
Age,200.0,43.425,14.941910131973081,18.0,31.0,43.5,56.0,69.0,43.5
Annual Income (k$),200.0,91.02,39.31178809742805,20.0,58.0,87.0,128.25,149.0,87.0
Spending Score (1-100),200.0,50.87,29.781163315797638,1.0,24.0,49.5,76.0,100.0,49.5
